{
  "label": "DTI connectome",
  "coupling": 0.05,
  "n_nodes": 83,
  "n_clvs_computed": 83,
  "lyapunov_exponents": [
    0.47516043665301466,
    0.43255331379219164,
    0.39703773034529555,
    0.3544304909495016,
    0.34745628593696487,
    0.3449679324920807,
    0.33631229257055867,
    0.3334744458811151,
    0.33058003015402293,
    0.3205844692678915,
    0.3192634165493978,
    0.3170627414041923,
    0.3118070599674765,
    0.30023762718256974,
    0.29920652348341215,
    0.29864353162702173,
    0.28121429113929886,
    0.2773373430956983,
    0.2771853263386422,
    0.26811136796863544,
    0.2648518236399266,
    0.26235949868957203,
    0.2611151911227757,
    0.25789173995144665,
    0.2573454484033088,
    0.25674081614447963,
    0.2520500384271145,
    0.24948190107372487,
    0.24935236575806308,
    0.24733148247469217,
    0.24390722836768772,
    0.24339416090192068,
    0.24009550840128213,
    0.2231389739188469,
    0.2216073633171618,
    0.21800162549091814,
    0.21728609282419914,
    0.21704770553818284,
    0.21669512357523976,
    0.2162378705236026,
    0.2153007944450817,
    0.20887401932527105,
    0.2062560180719528,
    0.2024472506923808,
    0.20116601224354883,
    0.1969812416484476,
    0.19696345180273056,
    0.19462362738947073,
    0.18954628381308997,
    0.18696622600934157,
    0.1815506450107528,
    0.18154953440858257,
    0.17405254422273073,
    0.17372906903943253,
    0.16665098060103548,
    0.15819141113509735,
    0.15778709900203264,
    0.15745405694017084,
    0.1551812405717404,
    0.15495366715024123,
    0.15306287242047903,
    0.1511841696790523,
    0.13863219258685908,
    0.13859555969894347,
    0.13790057623150964,
    0.1343144403460125,
    0.12635989422495994,
    0.12336785076897488,
    0.1218445168601142,
    0.11951833950459129,
    0.11178551579359919,
    0.10499226689959566,
    0.09840888069528672,
    0.08168726476530234,
    0.0711767893905441,
    0.06741390259897646,
    0.0625862437300384,
    0.058305513915709324,
    0.04993156483073512,
    0.047497559655716434,
    0.04250196747468888,
    0.01429722283501178,
    0.0010924723206294908
  ],
  "lambda_max": 0.47516043665301466,
  "n_positive_exponents": 83,
  "kaplan_yorke_dimension": 83.0,
  "kaplan_yorke_is_ceiling": true,
  "riddling": {
    "verdict": "RIDDLED",
    "centroids_rad": [
      0.18319422544704544,
      0.4461418339392034
    ],
    "cluster_pop_frac": [
      0.18,
      0.82
    ],
    "centroid_separation_rad": 0.262947608492158,
    "burst_fraction": 0.82,
    "n_samples": 100
  }
}