{
  "label": "DTI connectome",
  "coupling": 0.15,
  "n_nodes": 83,
  "n_clvs_computed": 83,
  "lyapunov_exponents": [
    0.5999643315638726,
    0.4365988843492232,
    0.43071050013208556,
    0.39552394312987516,
    0.384156149915523,
    0.3834372128411714,
    0.3570852867883837,
    0.31557592813947444,
    0.2741300233432816,
    0.24681629217229784,
    0.24609236265597348,
    0.23600840634511164,
    0.23574204908476937,
    0.20090854765536884,
    0.1969658116997582,
    0.15364769622424823,
    0.11275708079402749,
    0.10810605296865106,
    0.09975683006147544,
    0.07666442322079092,
    0.07037108435502483,
    0.06289573093656348,
    0.06249083313094969,
    0.0418120774686233,
    0.03550017168163322,
    0.033461144789018564,
    0.032515382927764826,
    0.029839017195627093,
    0.028594338554992445,
    0.014081004741860347,
    0.007480033181814684,
    0.006158726668218151,
    0.005019327897268037,
    0.0020026755907262364,
    -0.00044552614498469565,
    -0.0010824781590296577,
    -0.005055878030058618,
    -0.00572150122671802,
    -0.008815531476607753,
    -0.009950117104583316,
    -0.02310667044043334,
    -0.02641234127804637,
    -0.029193617481117446,
    -0.03149168556168055,
    -0.03369003496805413,
    -0.03597680612518969,
    -0.03671708778064284,
    -0.03688904307071223,
    -0.03829042946260112,
    -0.04766007948718551,
    -0.04993436780447761,
    -0.050811969992032066,
    -0.05244303587824106,
    -0.052654492911339425,
    -0.05377035271117671,
    -0.054881524168498196,
    -0.05758775149782499,
    -0.059648786066746756,
    -0.06613953628564356,
    -0.07226164610539046,
    -0.07529193730766161,
    -0.07571727720723073,
    -0.07687212671670648,
    -0.077822468663928,
    -0.07793461561474639,
    -0.07908963628708282,
    -0.08408579517466326,
    -0.08612195016272987,
    -0.09515348097516431,
    -0.10230991069693118,
    -0.10430538104588373,
    -0.10896941518876702,
    -0.1103824997941653,
    -0.11152476213950042,
    -0.112154176772391,
    -0.12157156129251234,
    -0.12406341684335428,
    -0.13297006974203718,
    -0.13818051108521306,
    -0.14151695695990282,
    -0.14374480872518486,
    -0.14661236769623226,
    -0.15268319752067327
  ],
  "lambda_max": 0.5999643315638726,
  "n_positive_exponents": 34,
  "kaplan_yorke_dimension": 83.0,
  "kaplan_yorke_is_ceiling": true,
  "riddling": {
    "verdict": "RIDDLED",
    "centroids_rad": [
      0.21555331865993302,
      0.4959561723343868
    ],
    "cluster_pop_frac": [
      0.53,
      0.47
    ],
    "centroid_separation_rad": 0.28040285367445383,
    "burst_fraction": 0.47,
    "n_samples": 100
  }
}