{
  "label": "DTI connectome",
  "coupling": 0.1,
  "n_nodes": 83,
  "n_clvs_computed": 83,
  "lyapunov_exponents": [
    0.5257576981611136,
    0.46671255584806204,
    0.46412500992624295,
    0.4599834497267794,
    0.45492685138015077,
    0.4340781003443731,
    0.4120141652464453,
    0.39854333678441534,
    0.38913844267760095,
    0.3702437095311729,
    0.3684989773157415,
    0.3661088403055651,
    0.35797982869876754,
    0.3134733260376379,
    0.28685476173025864,
    0.2826778301063718,
    0.2751462164257343,
    0.26631834941347027,
    0.2485979516705912,
    0.2321055667837047,
    0.2228312584856111,
    0.21282136080683106,
    0.2099123178049922,
    0.2082402120447821,
    0.19032257828964955,
    0.18862163256724468,
    0.17528625960565275,
    0.16202980764016198,
    0.15398679852175215,
    0.14825750274273256,
    0.1298810619240006,
    0.1263320318216251,
    0.11852188387031977,
    0.11039137168295889,
    0.10235942006369846,
    0.09913485515345302,
    0.0969427878735587,
    0.09268528342040049,
    0.08516259365973787,
    0.08328873058781028,
    0.08032989889357446,
    0.07555271012501584,
    0.07479695423777837,
    0.07423588642591818,
    0.07410642410913068,
    0.07239773654792872,
    0.06926755952493598,
    0.06885231376832558,
    0.06827372113346225,
    0.06643773048158942,
    0.06026805823461877,
    0.05972624918083764,
    0.057775888902445637,
    0.053504184392901756,
    0.051012290269783184,
    0.049452611710876226,
    0.04835027458870576,
    0.047426020005433306,
    0.04529571663846986,
    0.0402939763929074,
    0.0386799524551154,
    0.036249511296369344,
    0.031990678683440715,
    0.02911082919389527,
    0.028832868142570887,
    0.028378679261853296,
    0.024047274207178917,
    0.021565536722644336,
    0.02100064096157439,
    0.02052987114681552,
    0.019286015232662775,
    0.012168888371282568,
    0.009161542683917409,
    0.002778765894213898,
    -0.0011205841631939013,
    -0.014670107203225294,
    -0.019512504908359714,
    -0.02096733068012529,
    -0.03175622773253255,
    -0.04514671202438573,
    -0.054703030631774,
    -0.059895082764948405,
    -0.07258059736664614
  ],
  "lambda_max": 0.5257576981611136,
  "n_positive_exponents": 74,
  "kaplan_yorke_dimension": 83.0,
  "kaplan_yorke_is_ceiling": true,
  "riddling": {
    "verdict": "RIDDLED",
    "centroids_rad": [
      0.24006329735642984,
      0.6681389093399048
    ],
    "cluster_pop_frac": [
      0.95,
      0.05
    ],
    "centroid_separation_rad": 0.428075611983475,
    "burst_fraction": 0.05,
    "n_samples": 100
  }
}