{
  "label": "DTI connectome",
  "coupling": 0.2,
  "n_nodes": 83,
  "n_clvs_computed": 83,
  "lyapunov_exponents": [
    0.4231279223329491,
    0.256226999943869,
    0.20068706934236819,
    0.19694958753340566,
    0.16235108415841953,
    0.14736808455199935,
    0.14263003113834807,
    0.12446566389149262,
    0.10573419421497318,
    0.09333544069280227,
    0.06417420047283587,
    0.05923350642357642,
    0.04600021459433871,
    0.042455452947049506,
    -0.0015952679483840864,
    -0.003405674958937905,
    -0.0041670331330452524,
    -0.008462033338016935,
    -0.021772419513177335,
    -0.026732236457367737,
    -0.02960661818441521,
    -0.030247817921917886,
    -0.030977457832907222,
    -0.03515156787923641,
    -0.04369815251427806,
    -0.04479830929388603,
    -0.049643514768427446,
    -0.05269730567104287,
    -0.06111806977423839,
    -0.061782440038061597,
    -0.06523855795644017,
    -0.06588130765077141,
    -0.08174635310812543,
    -0.09181198574111073,
    -0.09215241439394756,
    -0.09393675850393872,
    -0.10001381807766545,
    -0.10310613302863203,
    -0.10585735736660556,
    -0.10733944145936726,
    -0.11411259081149991,
    -0.12164402785128914,
    -0.12169920130205962,
    -0.12234545413068393,
    -0.12268793403766015,
    -0.12328988903512557,
    -0.12479450716637075,
    -0.12725492204642957,
    -0.12768432813593084,
    -0.13327129682551864,
    -0.13716037678467627,
    -0.13991725668246444,
    -0.14031590498052537,
    -0.14504680253190194,
    -0.152652183453837,
    -0.1527426019569652,
    -0.15323348968134573,
    -0.15712207560621513,
    -0.15861695673730639,
    -0.1607170810942383,
    -0.16383895953185856,
    -0.16495747415724005,
    -0.16998714865702721,
    -0.1729879618699973,
    -0.18067043664632365,
    -0.18103875447801934,
    -0.19627785103511997,
    -0.19694290581780174,
    -0.19813002511121644,
    -0.2040925424339043,
    -0.21395721327927378,
    -0.22071043012611982,
    -0.2208426837136762,
    -0.2400945930664117,
    -0.2527503024838451,
    -0.25340482560245114,
    -0.25368689236994313,
    -0.25570711643861915,
    -0.25703923394192113,
    -0.25777675944846123,
    -0.27386143859863904,
    -0.28157070783587795,
    -0.29326555132865906
  ],
  "lambda_max": 0.4231279223329491,
  "n_positive_exponents": 14,
  "kaplan_yorke_dimension": 45.39995329687774,
  "kaplan_yorke_is_ceiling": false,
  "riddling": {
    "verdict": "RIDDLED",
    "centroids_rad": [
      0.21893131424640797,
      0.5651525557041169
    ],
    "cluster_pop_frac": [
      0.58,
      0.42
    ],
    "centroid_separation_rad": 0.34622124145770894,
    "burst_fraction": 0.42,
    "n_samples": 100
  }
}